group_label,n,mae,rmse,bias
healthy_control,5.0,7.608475409208575,13.006102305832686,-7.181790747105038
